[
    {
        "id": "bacardi-151",
        "name": "Bacardi 151",
        "category": "Brandy",
        "price": 49,
        "image": "images/prod-1.jpg",
        "badge_style": "sale",
        "badge_text": "Sale",
        "is_featured": true,
        "description": "Strong and smooth, perfect for bold cocktails."
    },
    {
        "id": "jim-beam",
        "name": "Jim Beam Kentucky Straight",
        "category": "Gin",
        "price": 69,
        "image": "images/prod-2.jpg",
        "badge_style": "seller",
        "badge_text": "Best Seller",
        "is_featured": true,
        "description": "Classic spirit with a timeless flavour."
    },
    {
        "id": "citadelle",
        "name": "Citadelle",
        "category": "Rum",
        "price": 69,
        "image": "images/prod-3.jpg",
        "badge_style": "new",
        "badge_text": "New Arrival",
        "is_featured": true,
        "description": "Aromatic rum crafted for special evenings."
    },
    {
        "id": "the-glenlivet",
        "name": "The Glenlivet",
        "category": "Rum",
        "price": 69,
        "image": "images/prod-4.jpg",
        "badge_style": "",
        "badge_text": "",
        "is_featured": true,
        "description": "Aged to perfection with rich notes."
    },
    {
        "id": "black-label",
        "name": "Black Label",
        "category": "Whiskey",
        "price": 69,
        "image": "images/prod-5.jpg",
        "badge_style": "",
        "badge_text": "",
        "is_featured": true,
        "description": "Premium whiskey with smoky hints."
    },
    {
        "id": "macallan",
        "name": "Macallan",
        "category": "Tequila",
        "price": 69,
        "image": "images/prod-6.jpg",
        "badge_style": "",
        "badge_text": "",
        "is_featured": true,
        "description": "Silky tequila ideal for parties."
    },
    {
        "id": "old-monk",
        "name": "Old Monk",
        "category": "Vodka",
        "price": 69,
        "image": "images/prod-7.jpg",
        "badge_style": "",
        "badge_text": "",
        "is_featured": false,
        "description": "A cult favourite with bold flavours."
    },
    {
        "id": "jameson",
        "name": "Jameson Irish Whiskey",
        "category": "Whiskey",
        "price": 69,
        "image": "images/prod-8.jpg",
        "badge_style": "",
        "badge_text": "",
        "is_featured": false,
        "description": "Smooth Irish whiskey for every occasion."
    },
    {
        "id": "screwball",
        "name": "Screwball",
        "category": "Whiskey",
        "price": 69,
        "image": "images/prod-9.jpg",
        "badge_style": "",
        "badge_text": "",
        "is_featured": false,
        "description": "Peanut butter whiskey with a twist."
    },
    {
        "id": "screwball-limited",
        "name": "Screwball Limited",
        "category": "Whiskey",
        "price": 69,
        "image": "images/prod-10.jpg",
        "badge_style": "",
        "badge_text": "",
        "is_featured": false,
        "description": "Limited edition with richer notes."
    },
    {
        "id": "mcclellands",
        "name": "McClelland's",
        "category": "Whiskey",
        "price": 69,
        "image": "images/prod-11.jpg",
        "badge_style": "",
        "badge_text": "",
        "is_featured": false,
        "description": "Highland classic with mellow character."
    },
    {
        "id": "plantation",
        "name": "Plantation",
        "category": "Whiskey",
        "price": 69,
        "image": "images/prod-12.jpg",
        "badge_style": "",
        "badge_text": "",
        "is_featured": false,
        "description": "Tropical finish with caramel undertones."
    },
    {
        "id": "potli",
        "name": "potli",
        "category": "potli",
        "price": 60,
        "image": "s",
        "badge_style": "slfda",
        "badge_text": "sddds",
        "is_featured": true,
        "description": "dhsds88ss"
    },
    {
        "id": "a",
        "name": "a",
        "category": "d",
        "price": 3,
        "image": "d",
        "badge_style": "w",
        "badge_text": "d",
        "is_featured": false,
        "description": "d"
    }
]